date,ticker,SMA_20,SMA_50,EMA_12,EMA_26,BB_MA_20,BB_UPPER_20_2,BB_LOWER_20_2,MACD_12_26_9,MACD_SIGNAL_9,MACD_HIST,RSI_14,STOCH_K_14_3,STOCH_D_3,CCI_20,ATR_14,ANNUALIZED_VOL_30D,ANNUALIZED_VOL_90D,MAX_DRAWDOWN_90D,SIG_MACD_BULLISH_CROSS,SIG_RSI_OVERSOLD,SIG_RSI_OVERBOUGHT,SIG_BB_BREAKOUT_UP,SIG_BB_BREAKOUT_DOWN
2025-07-01,AAPL,,,201.36,201.36,,,,0.0,0.0,0.0,,,,,,,,,0,0,0,0,0
2025-07-02,AAPL,,,201.22,201.2925925925926,,,,-0.0725925925925992,-0.014518518518519841,-0.058074074074079364,0.0,,,,,,,,0,1,0,0,0
2025-07-03,AAPL,,,200.85076923076923,201.1094375857339,,,,-0.25866835496466933,-0.06334848580774974,-0.1953198691569196,0.0,,,,,,,,0,1,0,0,0
2025-07-04,AAPL,,,199.1291124260355,200.26133109790175,,,,-1.1322186718662408,-0.27712252301944795,-0.8550961488467929,0.0,,,,,,,,0,1,0,0,0
2025-07-07,AAPL,,,197.6861720527993,199.48271397953863,,,,-1.7965419267393372,-0.5810064037634258,-1.2155355229759115,0.4455107968177856,,,,,,,,0,1,0,0,0
2025-07-08,AAPL,,,196.31599173698402,198.68992035142466,,,,-2.3739286144406435,-0.9395908458988693,-1.4343377685417742,0.42360623904825445,,,,,,,,0,1,0,0,0
2025-07-09,AAPL,,,194.89353146975571,197.82918551057838,,,,-2.9356540408226692,-1.3388034848836294,-1.5968505559390398,0.3874410340806378,,,,,,,,0,1,0,0,0
2025-07-10,AAPL,,,193.8714497051779,197.1196162134985,,,,-3.248166508320594,-1.7206760895710222,-1.5274904187495717,6.3303369121551185,,,,,,,,0,1,0,0,0
2025-07-11,AAPL,,,193.24507282745822,196.577422419906,,,,-3.3323495924477697,-2.043010790146372,-1.2893388023013976,13.620373693313113,,,,,,,,0,1,0,0,0
2025-07-14,AAPL,,,192.17660008477233,195.81613187028333,,,,-3.6395317855109965,-2.362314989219297,-1.2772167962916994,11.45284366235009,,,,,,,,0,1,0,0,0
2025-07-15,AAPL,,,190.83558468711504,194.90086284285493,,,,-4.06527815573989,-2.7029076225234157,-1.362370533216474,10.05461973601517,,,,,,,,0,1,0,0,0
2025-07-16,AAPL,,,189.47780242755888,193.94598411375458,,,,-4.468181686195692,-3.0559624352578707,-1.412219250937821,9.422139072154565,,,,,,,,0,1,0,0,0
2025-07-17,AAPL,,,188.69506359254984,193.23813343866163,,,,-4.543069846111791,-3.353383917428655,-1.1896859286831365,18.485891300981066,,,,,,,,0,1,0,0,0
2025-07-18,AAPL,,,188.3388999629268,192.73012355431632,,,,-4.391223591389519,-3.560951852220828,-0.8302717391686909,25.22358704465873,24.0282685512367,,,3.2628571428571473,,,,0,1,0,0,0
2025-07-21,AAPL,,,187.38829996863035,191.9471514391818,,,,-4.558851470551446,-3.760531775886952,-0.7983196946644937,21.21830303452323,4.282765737874016,,,3.4478571428571456,,,,0,1,0,0,0
2025-07-22,AAPL,,,186.0408692042257,190.96069577702016,,,,-4.919826572794477,-3.992390735268457,-0.9274358375260201,18.562959990226673,4.684047724259843,10.99836067112352,,3.7042857142857173,,,,0,1,0,0,0
2025-07-23,AAPL,,,185.28381240357558,190.23175534909274,,,,-4.9479429455171555,-4.183501177318197,-0.7644417681989584,25.632668550434744,25.230987917555176,11.39926712656301,,3.767142857142862,,,,0,1,0,0,0
2025-07-24,AAPL,,,185.4616874184101,189.95088458249327,,,,-4.48919716408318,-4.244640374671194,-0.24455678941198578,38.01406562239992,66.24346527259145,32.05283363813549,,3.5428571428571485,,,,0,0,0,0,0
2025-07-25,AAPL,,,185.61373550788545,189.69155979860489,,,,-4.077824290719434,-4.211277157880842,0.1334528671614077,38.03494931606969,66.31814787154582,52.597533687230815,,3.4757142857142895,,,,1,0,0,0,0
2025-07-28,AAPL,187.778,,185.40854542974924,189.29070351722675,187.778,199.80399118576094,175.75200881423905,-3.8821580874775066,-4.145453343800175,0.26329525632266826,35.25889904380456,50.11202389843167,60.89121234752298,,3.5635714285714317,,,,0,0,0,0,0
2025-07-29,AAPL,187.1135,,185.8179999790186,189.2002810344692,187.1135,197.40821374055633,176.81878625944364,-3.382281055450619,-3.992818886130264,0.610537830679645,43.07375823300326,78.41672890216572,64.9489668907144,,3.6121428571428607,,,,0,0,0,0,0
2025-07-30,AAPL,186.4475,,186.01984613609267,189.0469268837678,186.4475,194.73209504140058,178.1629049585994,-3.027080747675143,-3.7996712584392403,0.7725905107640973,41.72837540425419,71.39656460044803,66.64177246701514,,3.6221428571428596,,,,0,0,0,0,0
2025-07-31,AAPL,185.992,,186.58756211515532,189.09604341089613,185.992,192.26237670319728,179.7216232968027,-2.5084812957408076,-3.541433265899554,1.0329519701587464,46.65348296822622,86.83834048640914,78.88387799634096,,3.7442857142857173,,,,0,0,0,0,0
2025-08-01,AAPL,186.2685,,187.9110140974391,189.5474476026816,186.2685,193.56518493221404,178.97181506778594,-1.6364335052424792,-3.160433313768139,1.5239998085256596,55.29617126365882,90.26639344262293,82.83376617649337,,3.8957142857142872,,,,0,0,0,1,0
2025-08-04,AAPL,186.6575,,189.3908580824485,190.13874778026073,186.6575,195.35097082585543,177.96402917414457,-0.7478896978122407,-2.6779245905769593,1.9300348927647186,58.39573530173399,99.60079840319355,92.2351774440752,,3.7700000000000022,,,,0,0,0,1,0
2025-08-05,AAPL,187.11399999999998,,190.70149530053334,190.714396092834,187.11399999999998,197.07219341045348,177.15580658954647,-0.01290079230065544,-2.144919830921699,2.1320190386210434,58.89417393403147,99.95085995086,96.60601726555883,,3.6857142857142873,,,,0,0,0,1,0
2025-08-06,AAPL,187.7935,,192.23357294660514,191.4511074933648,187.7935,199.37007855326866,176.21692144673133,0.7824654532403486,-1.5594427740892893,2.341908227329638,62.40447066319612,92.95491143317231,97.5021899290753,,3.7457142857142878,,,,0,0,0,1,0
2025-08-07,AAPL,188.30450000000002,,193.19302326251204,191.97102545681923,188.30450000000002,200.7836241279186,175.82537587208142,1.2219978056928085,-1.0031546581328699,2.2251524638256783,58.14597498665526,84.13848631239937,92.34808589881057,,3.7514285714285722,,,,0,0,0,0,0
2025-08-08,AAPL,188.712,,193.92486583751017,192.4139124600178,188.712,201.8734643562181,175.55053564378187,1.5109533774923705,-0.5003330510078218,2.0112864285001923,57.1487545068089,82.04508856682767,86.37949543746646,,3.5635714285714317,,,,0,0,0,0,0
2025-08-11,AAPL,189.19899999999998,,194.25027109327783,192.68251153705353,189.19899999999998,202.68424512198425,175.71375487801572,1.5677595562243027,-0.08671452956139686,1.6544740857856997,53.518084325494755,71.54979901741845,79.2444579655485,,3.461428571428574,,,,0,0,0,0,0
2025-08-12,AAPL,189.7975,,194.43176784815816,192.88602920097549,189.7975,203.27328847414876,176.32171152585127,1.5457386471826737,0.23977610578741732,1.3059625413952565,52.37369346259163,63.32107199159228,72.3053198586128,,3.365000000000003,0.25461391616030776,,,0,0,0,0,0
2025-08-13,AAPL,190.3895,,194.34226510228768,192.95743444534767,190.3895,203.47959316238814,177.29940683761185,1.3848306569400108,0.46878701601793604,0.9160436409220748,49.42562267868653,55.01839201261166,63.296421007207464,,3.087142857142861,0.25514718446633494,,,0,0,0,0,0
2025-08-14,AAPL,190.836,,194.18499354808958,192.9842911530997,190.836,203.684029265222,177.98797073477803,1.2007023949898894,0.6151700918123267,0.5855323031775627,48.44061899436295,52.23331581713083,56.857593273778264,,3.190000000000004,0.2543514408349276,,,0,0,0,0,0
2025-08-15,AAPL,191.1225,,193.8657637714604,192.91952884546268,191.1225,203.81489752765413,178.43010247234588,0.9462349259977145,0.6813830586494043,0.26485186734831023,46.17798221779761,38.98104265402852,48.744250161257014,,3.1842857142857173,0.21599830440043288,,,0,0,0,0,0
2025-08-18,AAPL,191.64100000000002,,193.66026165277418,192.89067485690987,191.64100000000002,203.6556791883929,179.62632081160714,0.7695867958643134,0.6990238060923861,0.07056298977192732,47.101608385415155,41.46919431279622,44.227850927985195,,3.094285714285718,0.21605916839014253,,,0,0,0,0,0
2025-08-19,AAPL,192.353,,193.53868293696277,192.88914338602765,192.353,202.78226670480726,181.92373329519276,0.649539550935117,0.6891269550609324,-0.039587404125815406,47.881337631738,30.869565217391276,37.10660072807201,,3.189285714285719,0.21542180556058899,,,0,0,0,0,0
2025-08-20,AAPL,192.998,,193.61273171589158,192.9729105426182,192.998,202.0768338458197,183.9191661541803,0.6398211732733898,0.6792657987034239,-0.03944462543003402,50.5370728749185,30.54635761589406,34.29503904869386,,3.077857142857145,0.21389173425699312,,,0,0,0,0,0
2025-08-21,AAPL,193.631,,194.45692683652365,193.42676902094277,193.631,202.556686304145,184.705313695855,1.0301578155808784,0.7494442020789147,0.28071361350196367,60.187768025812915,72.59933774834431,44.67175352720989,,3.016428571428573,0.22512843911568628,,,1,0,0,0,0
2025-08-22,AAPL,193.996,,194.34816886167386,193.4507120564285,193.996,202.2920506266537,185.69994937334633,0.8974568052453549,0.7790467227122029,0.118410082533152,49.2822959673943,28.31125827814563,43.81898454746133,-4.321609507540735,3.3321428571428577,0.23890837749684762,,,0,0,0,0,0
2025-08-25,AAPL,194.704,,194.97768134449325,193.8202889411375,194.704,201.90740863758273,187.50059136241728,1.1573924033557432,0.854715858840911,0.3026765445148323,56.690648723361,67.13576158940394,56.0154525386313,55.38914903249395,3.7357142857142867,0.2410827792088575,,,0,0,0,0,0
2025-08-26,AAPL,195.18599999999998,,195.39803806072504,194.10841568623846,195.18599999999998,201.8166120381154,188.55538796188455,1.2896223744865836,0.9416971619700455,0.3479252125165381,55.33576298374053,72.2820763956906,55.9096987544134,35.05713763998206,3.4692857142857156,0.23633019810402345,,,0,0,0,0,0
2025-08-27,AAPL,195.50400000000002,,195.1044937436904,194.06260711688745,195.50400000000002,201.0857538462388,189.92224615376125,1.041886626802949,0.9617350549366263,0.08015157186632271,48.16885480332031,30.9500489715965,56.78929565223035,-27.816080487714608,3.6900000000000017,0.2445066210983331,,,0,0,0,0,0
2025-08-28,AAPL,195.669,,194.7822639369688,193.98463621934022,195.669,200.7263704629977,190.61162953700233,0.7976277176285862,0.9289135874750183,-0.1312858698464321,47.41659173365498,26.24877571008799,43.16030035912504,-32.770007008929,3.6592857142857156,0.24252618008323804,,,0,0,0,0,0
2025-08-29,AAPL,195.5815,,194.57576179281975,193.94429279568539,195.5815,200.72874887682747,190.43425112317254,0.6314689971343626,0.8694246694068872,-0.23795567227252468,48.197085637700084,30.46033300685594,29.219719229513483,-25.694561610708238,3.5850000000000017,0.2410638688067461,,,0,0,0,0,0
2025-09-01,AAPL,195.57049999999998,,194.99641382469363,194.19360444044943,195.57049999999998,200.7019616826009,190.43903831739905,0.802809384244199,0.8561016123743497,-0.053292228130150665,54.71229385905698,68.36434867776693,41.691152464903624,27.07763512344326,3.7192857142857156,0.23574977121437637,,,0,0,0,0,0
2025-09-02,AAPL,195.35999999999999,,194.79696554397154,194.15704114856428,195.35999999999999,200.43540737281268,190.2845926271873,0.6399243954072631,0.8128661689809324,-0.17294177357366936,48.57511394461905,33.006856023506195,43.94384590270969,-31.18124060123368,3.902142857142859,0.23438725170732216,,,0,0,0,0,0
2025-09-03,AAPL,195.0555,,194.76204776797593,194.18763069311507,195.0555,199.51595950547713,190.59504049452286,0.574417074860861,0.7651763501569182,-0.19075927529605718,50.029873162066906,41.527913809990096,47.63303950375441,-10.34193206878342,3.8607142857142867,0.2320622837411395,,,0,0,0,0,0
2025-09-04,AAPL,194.887,,194.81404041905657,194.25521360473616,194.887,199.06441116003694,190.70958883996306,0.5588268143204118,0.7239064429896169,-0.16507962866920511,50.940380099079,44.376278118609434,39.63701598403525,9.952780494185152,3.80857142857143,0.21727744356900244,,,0,0,0,0,0
2025-09-05,AAPL,194.459,,193.97957266227863,193.89482741179273,194.459,199.02901487962578,189.88898512037423,0.08474525048589499,0.5960742044888725,-0.5113289540029775,42.05061845406321,11.578112609040295,32.494101512546614,-145.46704386219977,4.13,0.235101669193215,,,0,0,0,0,1
2025-09-08,AAPL,193.93200000000002,191.65720000000002,192.67502302192807,193.27298834425252,193.93200000000002,199.87564736504456,187.98835263495548,-0.5979653223244554,0.35726629912620694,-0.9552316214506624,37.277785671816666,0.6605019815059076,18.871630903051884,-206.91654890445952,4.138571428571426,0.2406048314819478,,,0,0,0,0,1
2025-09-09,AAPL,193.54199999999997,191.3826,191.89886563393912,192.85498920764124,193.54199999999997,200.0391366000724,187.04486339992755,-0.956123573702115,0.09458832456054256,-1.0507118982626575,41.212417648079914,14.72919418758251,8.989269592709576,-153.52215657705761,4.20642857142857,0.23518519122393802,,,0,0,0,0,0
2025-09-10,AAPL,193.355,191.1758,191.62365553641004,192.65165667374188,193.355,200.01905732268267,186.6909426773173,-1.0280011373318416,-0.12992956781793427,-0.8980715695139073,45.499300100752386,32.12824010914058,15.839312092743002,-86.7173422879583,3.989285714285716,0.23796782291151808,,,0,0,0,0,0
2025-09-11,AAPL,193.38799999999998,191.079,191.98617006927003,192.7500524756869,193.38799999999998,200.0575715004789,186.71842849952105,-0.763882406416883,-0.25672013553772405,-0.507162270879159,51.44903736285112,58.52660300136416,35.128012432695755,22.40562129196903,3.9100000000000006,0.24164093770342782,,,0,0,0,0,0
2025-09-12,AAPL,193.581,191.20519999999996,192.59906698169002,192.98856710711752,193.581,200.31456339540964,186.84743660459034,-0.389500125427503,-0.2832761335156799,-0.10622399191182313,54.21679882818046,82.00155159038017,57.552131566961634,53.491725973036026,3.6600000000000006,0.22890209029996422,,,0,0,0,0,0
2025-09-15,AAPL,193.829,191.35999999999996,193.35151821527614,193.32200658066438,193.829,200.7521492833826,186.9058507166174,0.029511634611765203,-0.22071857989019086,0.25023021450195604,56.267535783119996,91.93916349809885,77.48910602994773,79.33848653058446,3.8314285714285723,0.22723085021324607,,,1,0,0,0,0
2025-09-16,AAPL,194.08800000000002,191.5454,194.07436156677213,193.67222831542998,194.08800000000002,201.2323057045455,186.94369429545455,0.40213325134214983,-0.09614821364372274,0.49828146498587256,57.03117185392546,85.12786002691801,86.35619170513235,95.97710196779931,3.701428571428571,0.22732872746598373,,,0,0,0,0,0
2025-09-17,AAPL,194.513,191.85440000000003,195.3736905564995,194.32761881058332,194.513,202.54651753592418,186.47948246407583,1.04607174591618,0.1322957782682578,0.9137759676479221,62.6391174424039,91.64882226980727,89.57194859827472,164.26579707246856,3.989999999999999,0.233321111260489,,,0,0,0,0,0
2025-09-18,AAPL,194.5375,192.08120000000002,196.02235354780728,194.71742482461417,194.5375,202.6295995421461,186.44540045785388,1.3049287231931146,0.3668223672532292,0.9381063559398855,57.355068128214505,75.96359743040681,84.24675990904403,101.62235650330692,4.147857142857142,0.23520396851160932,,,0,0,0,0,0
2025-09-19,AAPL,194.81,192.26919999999998,196.51122223276002,195.04946743019832,194.81,203.14119439216262,186.4788056078374,1.4617548025616998,0.5858088543149234,0.8759459482467764,56.669809278226246,73.87580299785854,80.49607423269089,80.2121956977592,4.077142857142856,0.23508246327123275,,,0,0,0,0,0
2025-09-22,AAPL,194.92350000000002,192.55740000000003,197.15718804310464,195.4687661390725,194.92350000000002,203.5074321409248,186.33956785907523,1.6884219040321398,0.8063314642583668,0.882090439773773,58.7259686179851,81.95931477516058,77.26623840114199,106.02915929997235,3.9292857142857116,0.23401594102370651,,,0,0,0,0,0
2025-09-23,AAPL,194.79850000000002,192.7924,196.85762065185776,195.44959827691898,194.79850000000002,203.28878215078873,186.3082178492113,1.4080223749387812,0.9266696463944497,0.48135272854433153,49.51020518574243,52.51605995717344,69.45039257673085,9.97949046070906,4.247857142857143,0.24770442491357886,,,0,0,0,0,0
2025-09-24,AAPL,195.12349999999998,193.15200000000002,197.33952516695655,195.78592433048055,195.12349999999998,203.88194112842015,186.3650588715798,1.5536008364759937,1.0520558844107586,0.5015449520652351,55.976241471138074,78.10492505353318,70.8600999286224,98.1562276966222,4.502142857142857,0.2565371958441507,,,0,0,0,0,0
2025-09-25,AAPL,195.33700000000002,193.4098,197.33036744896324,195.89659660229682,195.33700000000002,204.08712479911014,186.5868752008899,1.4337708466664196,1.1283988768618909,0.30537196980452874,51.91678057107955,63.5974304068522,64.73947180585294,34.1257904782008,4.226428571428572,0.2599495311039497,,,0,0,0,0,0
2025-09-26,AAPL,195.522,193.625,197.30108014912275,195.98870055768222,195.522,204.26031928919983,186.78368071080016,1.312379591440532,1.165195019777619,0.147184571662913,51.70815521051836,61.97260273972588,67.89165273337042,34.40562931390385,4.082857142857146,0.2590497179224582,,,0,0,0,0,0
2025-09-29,AAPL,195.91,194.0832,198.49629858771925,196.66138940526133,195.91,205.57175553406327,186.24824446593672,1.8349091824579205,1.2991378523136794,0.535771330144241,61.21529139015077,93.82217090069288,73.13073468242366,161.33095004176522,4.453571428571432,0.2826212291802533,,,0,0,0,0,0
2025-09-30,AAPL,196.3325,194.55360000000002,199.0584064973009,197.06795315301977,196.3325,206.30477130597652,186.3602286940235,1.9904533442811214,1.437400950707168,0.5530523935739535,56.78242916082903,69.58841463414643,75.12772942485508,92.44414380414023,4.525000000000001,0.28665818517928465,,,0,0,0,0,0
2025-10-01,AAPL,196.62150000000003,194.9382,199.25711319002386,197.31106773427754,196.62150000000003,206.70707836715394,186.5359216328461,1.9460454557463152,1.5391298517149976,0.40691560403131755,54.1779481060466,51.910299003322294,71.77362817938722,48.56037186783045,4.417142857142859,0.2878889540035537,,,0,0,0,0,0
2025-10-02,AAPL,197.176,195.3332,200.32371116078943,197.96876642062736,197.176,208.0542928807788,186.29770711922117,2.3549447401620682,1.7022928294044117,0.6526519107576565,60.50717244119072,86.29550321199135,69.26473894982003,137.50970897406512,4.7707142857142895,0.2903870628320726,,,0,0,0,0,0
2025-10-03,AAPL,197.8235,195.65099999999998,200.63390944374493,198.2925615005809,197.8235,208.30535341435396,187.34164658564603,2.3413479431640383,1.830103852156337,0.5112440910077012,55.10351482420127,58.815132048536746,65.6736447546168,66.07673054707197,4.874285714285717,0.2845526133261133,,,0,0,0,0,0
2025-10-06,AAPL,198.593,195.9832,200.67330799086108,198.4849643523897,198.593,207.48162666557687,189.7043733344231,2.188343638471366,1.901751809419343,0.2865918290520231,53.177323612026086,48.46538187009267,64.52533904354026,35.16468713104324,4.913571428571432,0.27733688283402586,,,0,0,0,0,0
2025-10-07,AAPL,199.35600000000002,196.27960000000002,201.0143375307286,198.81126328924972,199.35600000000002,206.8616229588226,191.85037704117744,2.2030742414788733,1.962016295831249,0.24105794564762428,55.48852990069005,62.74089935760157,56.67380442541034,57.34569270944694,4.671428571428576,0.27825968120769423,,,0,0,0,0,0
2025-10-08,AAPL,200.0845,196.6306,201.5782856029242,199.24598452708307,200.0845,206.62535766547515,193.54364233452483,2.332301075841144,2.036073251833228,0.29622782400791614,57.510042673566744,75.51748750892219,62.241256245538814,71.92328638257085,4.531428571428576,0.27092187588097705,,,0,0,0,0,0
2025-10-09,AAPL,200.7355,196.97639999999998,202.41239551016662,199.82035604359544,200.7355,207.30812953466918,194.16287046533083,2.5920394665711797,2.147266494780818,0.44477297179036146,60.04294070801638,86.86868686868694,75.04235791173691,93.82070851006584,4.566428571428574,0.27189614557610703,,,0,0,0,0,0
2025-10-10,AAPL,201.3625,197.2428,203.35048850860252,200.46403337369946,201.3625,208.37488297585108,194.35011702414894,2.886455134903059,2.2951042228052665,0.5913509120977927,61.64552577457001,87.75883069427516,83.38166835729477,99.26245178816967,4.675000000000003,0.27220357122940747,,,0,0,0,1,0
2025-10-13,AAPL,202.1755,197.56719999999999,204.9504133534329,201.44817904972174,202.1755,210.79062733510114,193.56037266489886,3.5022343037111625,2.5365302389864457,0.9657040647247168,66.64503211337762,92.03398831651621,88.88716862649278,147.52478444796085,4.684285714285717,0.2758539671762026,,,0,0,0,1,0
2025-10-14,AAPL,203.1645,197.96559999999997,206.93188822213554,202.66164726826088,203.1645,213.93095991029583,192.39804008970418,4.270240953874662,2.883272381964089,1.386968571910573,69.93154788603495,91.14516815666249,90.3126623891513,177.13526282403018,4.708571428571432,0.2722008052963821,,,0,0,0,1,0
2025-10-15,AAPL,204.054,198.3586,208.99005926488394,203.96893265579712,204.054,217.1483642839203,190.9596357160797,5.021126609086821,3.3108432273886357,1.710283381698185,71.75341755314227,98.43428100535642,93.87114582617839,171.42476802147365,4.676428571428573,0.2731013672232587,,,0,0,1,1,0
2025-10-16,AAPL,204.962,198.7442,210.3377424549018,204.98975245907138,204.962,219.16394155740716,190.76005844259282,5.347989995830403,3.718272581076989,1.6297174147534141,67.22535609596183,87.08260105448156,92.22068340550017,136.38863803235236,4.785714285714286,0.27710853685932135,,,0,0,0,0,0
2025-10-17,AAPL,205.75699999999998,199.08719999999997,211.07039746183997,205.73865968432537,205.75699999999998,220.3543533217501,191.15964667824986,5.331737777514604,4.040965620364512,1.2907721571500925,62.806927299549045,75.43936731107203,86.98541645697001,94.68741987208978,4.357857142857142,0.2632084270692209,,,0,0,0,0,0
2025-10-20,AAPL,206.11949999999996,199.3256,210.59187477540306,205.90320341141236,206.11949999999996,220.55671922670734,191.68228077329258,4.688671363990693,4.170506769089748,0.518164594900945,52.74749231588205,44.068541300527265,68.86350322202696,19.605150257853005,4.571428571428571,0.276195097450989,,,0,0,0,0,0
2025-10-21,AAPL,206.89249999999998,199.6304,210.60389404072566,206.25629945501143,206.89249999999998,220.54464836573385,193.24035163426612,4.3475945857142335,4.205924332414645,0.14167025329958882,55.65089116887487,54.28832116788314,57.93207659316082,39.91570261656423,4.602142857142858,0.2766413702630968,,,0,0,0,0,0
2025-10-22,AAPL,207.09250000000003,199.8332,209.58637188061402,206.08842542130688,207.09250000000003,220.44829106605113,193.73670893394893,3.497946459307144,4.064328757793145,-0.5663822984860012,47.84673422069536,23.813868613138695,40.72357702718304,-33.500570928842066,4.642857142857141,0.29337851972836226,,,0,0,0,0,0
2025-10-23,AAPL,207.59699999999998,200.1142,209.24539159128878,206.18335687158043,207.59699999999998,220.171475893651,195.02252410634895,3.0620347197083504,3.8638699501761864,-0.801835230467836,51.549110440305995,39.23357664233576,39.11192214111921,0.12767996680314983,4.6721428571428545,0.29159536445720835,,,0,0,0,0,0
2025-10-24,AAPL,208.46549999999996,200.56219999999996,210.0553313464751,206.80014525146336,208.46549999999996,220.41491082229624,196.5160891777037,3.2551860950117373,3.7421331791432966,-0.4869470841315593,58.285834969213326,66.32152588555853,43.12299038034433,60.92113886644002,4.990714285714282,0.30563737207233915,,,0,0,0,0,0
2025-10-27,AAPL,208.74100000000004,200.92320000000004,210.13604960086354,207.0801344920957,208.74100000000004,220.61842211087964,196.86357788912045,3.0559151087678345,3.6048895650682042,-0.5489744563003698,53.84776884079089,44.90463215258862,50.15324489349431,15.412285091070931,5.203571428571424,0.3119604429194643,,,0,0,0,0,0
2025-10-28,AAPL,209.0395,201.2282,209.8258881238076,207.1571615667553,209.0395,220.53322085096954,197.54577914903047,2.6687265570523095,3.4176569634650256,-0.748930406412716,51.218788787697925,31.49863760217985,47.574931880109006,-16.328376250508637,5.372857142857138,0.31441770967598986,,,0,0,0,0,0
2025-10-29,AAPL,209.3455,201.47719999999998,209.30959764322182,207.1062607099586,209.3455,220.20598152707842,198.48501847292155,2.2033369332632162,3.1747929574246636,-0.9714560241614474,49.4740494340869,22.5068119891008,32.97002724795643,-31.78754867451671,5.242142857142854,0.3092585576215436,,,0,0,0,0,0
2025-10-30,AAPL,209.52100000000002,201.68919999999997,209.3696595442646,207.29838954625797,209.52100000000002,220.28485414245344,198.7571458575466,2.071269998006642,2.9540883655410592,-0.8828183675344174,52.85937070518864,40.10899182561301,31.37148047229789,3.1879607825031484,5.236428571428568,0.3085441079582867,,,0,0,0,0,0
2025-10-31,AAPL,209.7335,201.946,208.94201961437773,207.24591624653516,209.7335,220.08167524977287,199.3853247502271,1.6961033678425679,2.702491366001361,-1.006387998158793,49.4255363741341,23.1607629427793,28.592188919164375,-42.02588871547005,5.113571428571423,0.31231086558590065,,,0,0,0,0,0
2025-11-03,AAPL,210.00050000000002,202.1018,208.52478582755037,207.17066319123626,210.00050000000002,219.67588004421597,200.32511995578406,1.3541226363141163,2.4328176200639122,-1.0786949837497959,49.02849777337338,21.1989100817438,28.156221616712042,-48.43073438313297,4.8678571428571376,0.3118942380332896,,,0,0,0,0,0
2025-11-04,AAPL,210.077,202.236,207.89328031561956,206.9669103622558,210.077,219.548331690951,200.605668309049,0.9263699533637748,2.131528086723885,-1.20515813336011,46.98487752435291,11.587743732590448,18.649138919037856,-59.50303566780506,4.799999999999995,0.3018252702609002,0.2666256828221333,,0,0,0,0,0
2025-11-05,AAPL,210.02399999999997,202.4386,207.23585257475503,206.71899107616278,210.02399999999997,219.62649634209833,200.4215036579016,0.5168614985922488,1.808594769097558,-1.291733270505309,46.07081975209333,9.084457061745924,13.957036958693395,-71.79009143225996,4.683571428571424,0.29409679511247594,0.2665752796636775,,0,0,0,0,0
2025-11-06,AAPL,210.10099999999997,202.74919999999997,207.43649064017734,206.85388062607666,210.10099999999997,219.62968070616347,200.57231929383647,0.5826100141006805,1.5633978180981825,-0.980787803997502,52.2263286500906,45.75645756457562,22.142886119637335,-10.914374159115393,4.977857142857139,0.2982577003120735,0.26912345871476356,,0,0,0,0,0
2025-11-07,AAPL,209.929,202.9818,207.07241515707312,206.72174132044137,209.929,219.687757912768,200.170242087232,0.35067383663175633,1.3208530218048973,-0.970179185173141,48.05982836850479,20.14760147601471,24.996172034112092,-58.87099001424263,4.779999999999995,0.30299825007670084,0.258890264931875,,0,0,0,0,0
2025-11-10,AAPL,209.5145,203.1448,206.8243512867542,206.62827900040867,209.5145,219.29307346446873,199.73592653553126,0.19607228634552598,1.0958968747130229,-0.8998245883674969,48.55657123701214,23.025830258302644,29.64329643296433,-52.40183882011008,4.582142857142854,0.2802161642418691,0.25888639112949224,,0,0,0,0,0
2025-11-11,AAPL,208.95250000000001,203.4026,206.78829724263815,206.62544351889693,208.95250000000001,218.02102551410712,199.8839744858929,0.16285372374122176,0.9092882445186627,-0.746434520777441,50.047257059263366,30.232558139534927,24.4686632912841,-30.0378513532149,4.152142857142855,0.2771418207256711,0.2587852321378482,,0,0,0,0,0
2025-11-12,AAPL,208.4335,203.7098,207.27163612838615,206.8702254804601,208.4335,215.8869053291104,200.98009467088963,0.401410647926042,0.8077127252001387,-0.40630207727409673,54.26568912959809,55.28882220555149,36.18240353446303,19.848677409698595,4.054999999999997,0.27911249156702267,0.2594380438514853,,0,0,0,0,0
2025-11-13,AAPL,207.8125,203.91440000000003,206.9729228778652,206.75613470412972,207.8125,214.02358645890644,201.60141354109356,0.21678817373546622,0.6895278149072042,-0.47273964117173795,48.225327337426535,31.729667812142193,39.083682719076215,-49.199303178707716,3.913571428571428,0.27469341635002725,0.26219926561104234,,0,0,0,0,0
2025-11-14,AAPL,207.53850000000003,204.319,207.38016551203975,206.96827287419418,207.53850000000003,212.859136334125,202.21786366587506,0.4118926378455683,0.634000779494877,-0.2221081416493087,53.431450994976316,86.20268620268625,57.74039207345999,48.018286979879505,3.835714285714285,0.2754985076829625,0.26408458413967334,,0,0,0,0,0
2025-11-17,AAPL,207.7105,204.83699999999996,207.99860158711056,207.29654895758722,207.7105,213.29060205999951,202.13039794000048,0.7020526295233367,0.647611149500569,0.05444148002276772,55.43384562270897,88.48848848848844,68.80694750110564,82.06245065744693,3.7064285714285705,0.27495256180270117,0.26223039568731626,,1,0,0,0,0
2025-11-18,AAPL,207.921,205.382,209.05727826601662,207.85828607184,207.921,214.20502068742704,201.63697931257295,1.1989921941766113,0.7578873584357775,0.4411048357408338,59.13355609045165,84.55730954015098,86.41616141044189,155.89935863101357,3.94142857142857,0.2773695610489234,0.26192845419517813,,0,0,0,1,0
2025-11-19,AAPL,208.4855,205.8854,210.01462007124485,208.40804265911112,208.4855,215.26448952647158,201.70651047352843,1.6065774121337313,0.9276253691753684,0.6789520429583629,59.54923192853476,87.30267673301309,86.78282492055082,119.67189874753096,3.8485714285714283,0.2766072429427029,0.26140313136040916,,0,0,0,1,0
2025-11-20,AAPL,208.5745,206.18880000000001,209.88160159874565,208.4630024621399,208.5745,215.339295562322,201.809704437678,1.4185991366057351,1.0258201226614418,0.39277901394429326,50.98960650649222,45.22992450240224,72.36330359185544,16.295554388407723,3.9842857142857144,0.2883898525076816,0.26555879483144784,,0,0,0,0,0
2025-11-21,AAPL,208.1915,206.40640000000002,209.41520135278478,208.3435207982777,208.1915,214.41439731556056,201.96860268443942,1.0716805545070827,1.03499220903057,0.03668834547651256,48.190666599812126,29.444063143445394,53.99222145962025,-16.791728400962423,3.9942857142857155,0.2898182218879756,0.2660182014773199,,0,0,0,0,0
2025-11-24,AAPL,208.16500000000002,206.65760000000003,209.5128626831256,208.46992666507194,208.16500000000002,214.3513931333218,201.97860686667823,1.0429360180536662,1.0365809708351894,0.006355047218476795,52.12798425412068,51.40700068634189,42.02699611072985,48.452888608155085,4.246428571428573,0.283787619151973,0.26407224624643794,,0,0,0,0,0
2025-11-25,AAPL,208.2745,206.90279999999998,209.63549919341398,208.60622839358513,208.2745,214.53096058087246,202.01803941912752,1.0292707998288506,1.0351189366339217,-0.005848136805071125,52.44421483015224,50.36390101892294,43.73832161623674,38.81804173304432,4.340714285714289,0.2778478125823226,0.2615096720472966,,0,0,0,0,0
2025-11-26,AAPL,208.46349999999998,207.05739999999997,209.7300377790426,208.72798925331958,208.46349999999998,214.71887297049594,202.20812702950403,1.002048525723012,1.02850485445174,-0.02645632872872783,52.35826006932769,49.927219796215496,50.56604050049344,35.34897753641552,4.038571428571432,0.27523810865314735,0.26073799731199376,,0,0,0,0,0
2025-11-27,AAPL,208.842,207.41099999999997,210.8900319668822,209.36073079011072,208.842,216.1742400397158,201.5097599602842,1.5293011767714688,1.1286641189156859,0.40063705785578296,60.512796409617636,86.31840796019908,62.20317625844584,164.41627284774788,4.361428571428576,0.2908341700796444,0.2618400095229101,,1,0,0,1,0
2025-11-28,AAPL,209.82199999999997,207.95080000000002,213.24387320274647,210.60734332417658,209.82199999999997,220.2669252749846,199.37707472501535,2.6365298785698883,1.4302372708465265,1.2062926077233618,68.00635078284438,92.9474113330616,76.39767969649206,261.9341506620789,4.987857142857144,0.3116754436588653,0.2699320973783522,,0,0,0,1,0
2025-12-01,AAPL,210.8195,208.46020000000001,215.23404655617009,211.76087344831166,210.8195,223.31160866907638,198.32739133092363,3.473173107858429,1.8388244382489072,1.6343486696095217,67.99077315612632,92.04361873990307,90.43647934438792,216.56193660184496,5.055000000000001,0.2931200048727327,0.2689172348209568,,0,0,0,1,0
2025-12-02,AAPL,212.315,209.2426,218.17188554752852,213.43266060028859,212.315,228.10945155743036,196.52054844256963,4.739224947239933,2.4189045400471123,2.3203204071928205,73.3488616015668,94.12838454517805,93.03980487271424,263.8282565687284,5.512857142857143,0.30719698979712484,0.2730495062159827,,0,0,1,1,0
2025-12-03,AAPL,213.44400000000002,209.7668,219.40698007867798,214.37838944471167,213.44400000000002,229.80872352348234,197.0792764765177,5.028590633966303,2.940841758830951,2.087748875135352,62.16922323724532,66.43309976643309,84.2017010171714,135.24926697301146,5.791428571428573,0.3106228394488923,0.2798639544830012,,0,0,0,0,0
2025-12-04,AAPL,213.92399999999998,210.18400000000003,219.21206006657368,214.65702726362193,213.92399999999998,230.24831364560282,197.59968635439714,4.555032802951757,3.2636799676551123,1.291352835296645,53.468393113213224,39.539539539539525,66.7003412837169,47.96313692432433,6.074285714285714,0.3281911757788926,0.2862397015115657,,0,0,0,0,0
2025-12-05,AAPL,214.756,210.6754,219.59635851787004,215.17946968853883,214.756,230.8854766189116,198.6265233810884,4.416888829331214,3.494321739990333,0.9225670893408808,56.380352148559396,51.451451451451504,52.47469691914139,78.2176740680845,6.278571428571429,0.3162773043934876,0.28371055757403585,,0,0,0,0,0
2025-12-08,AAPL,215.523,210.99,219.7815341305054,215.5958052671656,215.523,231.26560855131754,199.78039144868245,4.185728863339818,3.6326031646602304,0.553125698679588,55.42815798211351,48.41508174841515,46.4686909131354,56.57977476704981,5.995000000000003,0.31087524648426096,0.28329711064296365,,0,0,0,0,0
2025-12-09,AAPL,216.35549999999998,211.4118,220.31360580273534,216.1620419140422,216.35549999999998,231.87993941016924,200.8310605898307,4.151563888693147,3.736395309466814,0.4151685792263331,57.500742239125465,56.55655655655662,52.14102991880776,66.28278519945727,6.029285714285716,0.30956688363689633,0.2837962384849233,,0,0,0,0,0
2025-12-10,AAPL,217.132,211.91400000000002,221.10535875616065,216.85077955003908,217.132,232.8456050605842,201.4183949394158,4.254579206121576,3.8400320887977664,0.41454711732381,59.35270028413387,63.96396396396402,56.3118674229786,79.97297878220267,5.7428571428571455,0.308573452195728,0.2833498751864866,,0,0,0,0,0
2025-12-11,AAPL,218.1275,212.295,221.741457409059,217.47220328707323,218.1275,233.23523957281557,203.01976042718442,4.269254121985767,3.925876495435367,0.3433776265504003,59.07795538083036,60.288288288288356,60.26960293626968,60.66402775041304,5.745714285714287,0.30644501763556403,0.28262526281818867,,0,0,0,0,0
2025-12-12,AAPL,219.05450000000002,212.8114,222.728925499973,218.2638919324752,219.05450000000002,234.23544789530675,203.8735521046933,4.465033567497812,4.033707909847856,0.431325657649956,61.61756267595669,70.81081081081082,65.02102102102107,83.85986284474406,5.70857142857143,0.3032099724115397,0.28318593022493216,,0,0,0,0,0
2025-12-15,AAPL,219.93,213.3718,223.6798600384387,219.05249253006963,219.93,235.26307144703952,204.5969285529605,4.627367508369076,4.152439829552101,0.4749276788169752,62.26532099116001,73.35991301196088,68.15300403702003,79.9070786724648,5.604285714285715,0.30287277352466757,0.2825521074869138,,0,0,0,0,0
2025-07-01,GOOGL,,,140.09,140.09,,,,0.0,0.0,0.0,,,,,,,,,0,0,0,0,0
2025-07-02,GOOGL,,,140.03153846153847,140.06185185185186,,,,-0.030313390313381205,-0.006062678062676241,-0.024250712250704964,0.0,,,,,,,,0,1,0,0,0
2025-07-03,GOOGL,,,139.128224852071,139.62467764060355,,,,-0.4964527885325367,-0.10414070015664835,-0.3923120883758884,0.0,,,,,,,,0,1,0,0,0
2025-07-04,GOOGL,,,137.92695949021393,139.00951633389218,,,,-1.0825568436782476,-0.2998239288609682,-0.7827329148172794,0.0,,,,,,,,0,1,0,0,0
2025-07-07,GOOGL,,,136.63665803018102,138.3080706795298,,,,-1.671412649348781,-0.5741416729585308,-1.0972709763902504,0.0,,,,,,,,0,1,0,0,0
2025-07-08,GOOGL,,,135.95409525630703,137.85562099956465,,,,-1.901525743257622,-0.8396184870183491,-1.061907256239273,17.54557943483786,,,,,,,,0,1,0,0,0
2025-07-09,GOOGL,,,135.25961906302902,137.3803898144117,,,,-2.120770751382679,-1.0958489398912152,-1.0249218114914638,16.646874631196496,,,,,,,,0,1,0,0,0
2025-07-10,GOOGL,,,135.17506228410147,137.18258316149232,,,,-2.0075208773908457,-1.2781833273911414,-0.7293375499997043,32.63514759356124,,,,,,,,0,0,0,0,0
2025-07-11,GOOGL,,,134.79889885577816,136.85276218656696,,,,-2.0538633307888006,-1.4333193280706733,-0.6205440027181273,29.00700255683178,,,,,,,,0,1,0,0,0
2025-07-14,GOOGL,,,134.4267605702738,136.5214464690435,,,,-2.094685898769683,-1.5655926422104751,-0.5290932565592077,28.405836869024256,,,,,,,,0,1,0,0,0
2025-07-15,GOOGL,,,134.22418202100093,136.26874673059584,,,,-2.0445647095949084,-1.6613870556873618,-0.38317765390754666,31.590386119770912,,,,,,,,0,0,0,0,0
2025-07-16,GOOGL,,,133.92046171007772,135.97106178758875,,,,-2.050600077511035,-1.7392296600520967,-0.31137041745893845,29.902886293353617,,,,,,,,0,1,0,0,0
2025-07-17,GOOGL,,,133.47577529314268,135.6050572107303,,,,-2.129281917587633,-1.817240111559204,-0.3120418060284291,27.646684587408032,,,,,,,,0,1,0,0,0
2025-07-18,GOOGL,,,133.90873294035148,135.65579371363918,,,,-1.7470607732877,-1.8032042439049032,0.05614347061720326,46.417987950713695,62.35294117647045,,,3.088571428571431,,,,1,0,0,0,0
2025-07-21,GOOGL,,,134.0489278726051,135.59388306818443,,,,-1.5449551955793197,-1.7515544342397866,0.20659923866046692,43.05607328573817,53.846153846153825,,,3.132857142857144,,,,0,0,0,0,0
2025-07-22,GOOGL,,,133.898323584512,135.40692876683744,,,,-1.5086051823254252,-1.7029645838569145,0.19435940153148934,39.39778769065526,52.63157894736835,56.27689132333088,,3.1749999999999994,,,,0,0,0,0,0
2025-07-23,GOOGL,,,133.76473534074094,135.23085996929393,,,,-1.4661246285529899,-1.6555965927961296,0.18947196424313972,39.31556072061954,52.13032581453636,52.869352869352845,,2.8549999999999978,,,,0,0,0,0,0
2025-07-24,GOOGL,,,133.61323759601157,135.04931478638326,,,,-1.436077190371691,-1.611692712311242,0.175615521939551,38.77091610385904,48.99749373433586,51.25313283208019,,2.6971428571428544,,,,0,0,0,0,0
2025-07-25,GOOGL,,,133.52966258124056,134.9026988762808,,,,-1.3730362950402366,-1.563961428857041,0.19092513381680432,39.812508161486285,48.21917808219165,49.78233254368795,,2.6664285714285683,,,,0,0,0,0,0
2025-07-28,GOOGL,133.725,,134.02817603028046,135.0410174780378,133.725,139.02100415407693,128.42899584592305,-1.0128414477573244,-1.4537374326370978,0.44089598487977333,51.215315961448745,91.27686472819218,62.831178848239894,,2.7278571428571405,,,,0,0,0,0,0
2025-07-29,GOOGL,133.6565,,134.749995102545,135.31353470188682,133.6565,138.64811807433222,128.66488192566777,-0.5635395993418228,-1.2756978659780427,0.7121582666362198,55.95175290128853,88.08837656099895,75.86147312379426,,2.827142857142856,,,,0,0,0,1,0
2025-07-30,GOOGL,133.72449999999998,,135.7223035483073,135.7399395387841,133.72449999999998,139.0687285692137,128.38027143078625,-0.017635990476804864,-1.0240854908777952,1.0064495004009903,60.88093299094523,99.82668977469662,93.06397702129591,,2.6892857142857127,,,,0,0,0,1,0
2025-07-31,GOOGL,134.0055,,136.34656454087542,136.03920327665196,134.0055,139.96711211418523,128.0438878858148,0.30736126422345933,-0.7577961398575443,1.0651574040810037,57.103348698770084,88.64818024263428,92.18774885944329,,2.587142857142855,,,,0,0,0,0,0
2025-08-01,GOOGL,134.302,,136.48555461150997,136.1288919228259,134.302,140.28966598934844,128.31433401065155,0.35666268868408224,-0.5349043741492191,0.8915670628333013,50.486871521813285,66.72443674176772,85.06643558636621,,2.660714285714284,,,,0,0,0,0,0
2025-08-04,GOOGL,134.6075,,136.35700774820074,136.093418447061,134.6075,140.20275826034865,129.01224173965133,0.26358930113974566,-0.3752056390914261,0.6387949402311718,46.79419419807723,52.85961871750432,69.41074523396877,,2.662857142857141,,,,0,0,0,0,0
2025-08-05,GOOGL,134.9955,,136.91131424847754,136.37983189542686,134.9955,140.93480795631947,129.0561920436805,0.5314823530506771,-0.1938680406630055,0.7253503937136827,56.1073465314403,90.20797227036397,69.93067590987867,,2.9664285714285676,,,,0,0,0,0,0
2025-08-06,GOOGL,135.3755,,137.23880436409638,136.57688138465448,135.3755,141.32873937029242,129.42226062970755,0.661922979441897,-0.022709836642025,0.684632816083922,53.937045024614655,78.97435897435886,74.01398332074238,,2.902142857142855,,,,0,0,0,0,0
2025-08-07,GOOGL,135.603,,137.5497575388508,136.77563091171712,135.603,141.78064712491738,129.42535287508264,0.7741266271336826,0.13665745611311655,0.6374691710205661,54.39137030437574,81.2307692307691,83.47103349183065,,2.6192857142857116,,,,0,0,0,0,0
2025-08-08,GOOGL,135.92,,137.78364099441222,136.94558417751585,135.92,142.12600999032387,129.7139900096761,0.8380568168963691,0.2769373282697671,0.561119488626602,53.89695157585724,79.28205128205117,79.82905982905972,,2.5257142857142845,,,,0,0,0,0,0
2025-08-11,GOOGL,136.17749999999998,,137.7446193029642,136.98887423844062,136.17749999999998,142.19924683958064,130.15575316041932,0.7557450645235804,0.3726988755205297,0.38304618900305065,49.93489343936234,63.48717948717946,74.66666666666657,,2.5464285714285717,,,,0,0,0,0,0
2025-08-12,GOOGL,136.36700000000002,,137.61467787173893,136.98229096151908,136.36700000000002,142.2270583614841,130.50694163851594,0.63238691021985,0.4246364824603938,0.20775042775945624,48.36841993308027,57.02564102564105,66.59829059829055,,2.5207142857142872,0.2735202991943805,,,0,0,0,0,0
2025-08-13,GOOGL,136.6895,,137.781650506856,137.1095286680732,136.6895,142.3129241348132,131.06607586518683,0.6721218387828003,0.4741335537248751,0.1979882850579252,52.913408733763376,72.62313860251984,64.37865303844679,,2.501428571428574,0.27613521371989586,,,0,0,0,0,0
2025-08-14,GOOGL,136.921,,137.45524273657048,137.00215617414187,136.921,141.94240577926135,131.89959422073863,0.45308656242860934,0.46992415546562194,-0.0168375930370126,45.6109040545032,18.22289156626514,49.29055706480869,,2.6607142857142896,0.2576742098113754,,,0,0,0,0,0
2025-08-15,GOOGL,136.8185,,136.96059000786732,136.79755201309433,136.8185,141.96926800098777,131.66773199901223,0.16303799477299208,0.40854692332709597,-0.2455089285541039,42.64999841396681,15.53637484586951,35.4608016715515,,2.5385714285714323,0.25195965997125774,,,0,0,0,0,0
2025-08-18,GOOGL,136.94250000000002,,137.0128069297339,136.83477038249475,136.94250000000002,142.01364139025915,131.8713586097409,0.1780365472391452,0.36244484810950583,-0.18440830087036064,50.15867248722054,53.26757090012348,29.008945770752707,,2.5728571428571456,0.2558418019324879,,,0,0,0,0,0
2025-08-19,GOOGL,137.01600000000002,,136.63237509439023,136.66478739119884,137.01600000000002,141.89964781694988,132.13235218305016,-0.03241229680861579,0.28347341912588153,-0.3158857159344973,44.49944961558881,19.283065512979007,29.362337086324004,,2.6135714285714307,0.25740186634074336,,,0,0,0,0,0
2025-08-20,GOOGL,137.0405,,136.15354815679171,136.43184017703595,137.0405,141.8482415695937,132.2327584304063,-0.27829202024423694,0.17112033125185785,-0.4494123514960948,42.58711132956323,9.472422062350361,27.341019491817615,,2.6278571428571462,0.2578354719562215,,,0,0,0,0,0
2025-08-21,GOOGL,137.3385,,136.55146382497762,136.602814978737,137.3385,141.77769485943105,132.89930514056897,-0.05135115375938426,0.12662603424960944,-0.1779771880089937,53.58119526665642,72.06235011990428,33.60594589841122,,2.8792857142857167,0.27228662922891245,,,0,0,0,0,0
2025-08-22,GOOGL,137.60899999999998,,136.848161698058,136.7418657210528,137.60899999999998,141.61279270192634,133.60520729807362,0.10629597700520321,0.1225600228007282,-0.016264045795524984,53.03642745295976,68.94484412470021,50.159872102318296,23.61351027097152,2.796428571428574,0.26848424196601584,,,0,0,0,0,0
2025-08-25,GOOGL,137.62449999999998,,136.88382912912598,136.7669127046785,137.62449999999998,141.61756636558906,133.6314336344109,0.1169164244474814,0.12143130313007885,-0.004514878682597451,50.083626436892764,57.08661417322861,66.03126947261104,-10.955324083204735,2.5714285714285734,0.2704615778004219,,,0,0,0,0,0
2025-08-26,GOOGL,137.4515,,136.6340092631066,136.65528954136897,137.4515,141.53843173419853,133.3645682658015,-0.021280278262366892,0.09288898685158971,-0.1141692651139566,46.462137670142425,33.202099737532805,53.07785267848721,-49.49359071548927,2.6457142857142872,0.2734930668356776,,,0,0,0,0,0
2025-08-27,GOOGL,137.10150000000002,,136.23954629955173,136.46378661237867,137.10150000000002,141.08662371200685,133.11637628799318,-0.2242403128269359,0.02946312691588459,-0.2537034397428205,44.21109906585788,18.05929919137467,36.1160043673787,-81.24609719231323,2.653571428571431,0.2740149929799196,,,0,0,0,0,0
2025-08-28,GOOGL,136.90949999999998,,136.19346225346686,136.4249876040543,136.90949999999998,140.7263965141852,133.09260348581475,-0.2315253505874466,-0.022734568584781654,-0.20879078200266496,48.43863664153395,43.261455525606486,31.50761815150466,-23.88022281940189,2.8435714285714306,0.27491873839862274,,,0,0,0,0,0
2025-08-29,GOOGL,136.67399999999998,,135.6313911375489,136.13721074449472,136.67399999999998,140.93336333270588,132.41463666729408,-0.5058196069458347,-0.11935157625699228,-0.38646803068884245,42.18014429213814,1.2970168612191209,20.872590526066762,-120.66136953894352,2.9178571428571445,0.2590120994942268,,,0,0,0,0,0
2025-09-01,GOOGL,136.663,,135.6004078856183,136.08482476342104,136.663,140.9340050339469,132.39199496605312,-0.4844168778027438,-0.1923646365661426,-0.2920522412366012,48.29534944227954,38.78080415045403,27.779758845759886,-43.27223228632551,3.0664285714285717,0.26519239731231536,,,0,0,0,0,0
2025-09-02,GOOGL,136.429,,135.55111436475394,136.02520811427874,136.429,140.45776606419383,132.40023393580617,-0.47409374952479766,-0.24871045915787363,-0.22538329036692403,48.01151990969653,36.835278858625166,25.637699956766113,-44.295232799433265,3.031428571428571,0.2623432310400119,,,0,0,0,0,0
2025-09-03,GOOGL,136.3265,,135.77248138556104,136.0966741798877,136.3265,140.18505037546487,132.46794962453515,-0.32419279432667736,-0.26380692619163437,-0.060385868135042986,51.51010955804376,59.0142671854735,44.87678339818424,11.881912903279794,2.864285714285714,0.2646445153712841,,,0,0,0,0,0
2025-09-04,GOOGL,136.276,,136.15363809547472,136.25617979619233,136.276,140.00388089938508,132.54811910061494,-0.10254170071760882,-0.23155388109682928,0.12901218037922046,53.968227422189216,75.35667963683522,57.068741893644635,76.74598549907903,2.857142857142855,0.2654967510541947,,,1,0,0,0,0
2025-09-05,GOOGL,136.43249999999998,,137.08384761924782,136.69646277425215,136.43249999999998,140.8207336993373,132.04426630066266,0.3873848449956654,-0.10776613587833034,0.4951509808739957,60.695050118901584,92.59962049335861,75.65685577188911,199.60190301072015,2.932857142857141,0.27692693505717203,,,0,0,0,1,0
2025-09-08,GOOGL,136.89000000000001,135.9926,138.56017875474816,137.4359840502335,136.89000000000001,143.1494504551118,130.63054954488823,1.1241947045146787,0.13862603220027148,0.9855686723144073,66.648087695232,94.55511288180615,87.50380433733334,290.9413875961908,3.1014285714285705,0.2802638299644586,,,0,0,0,1,0
2025-09-09,GOOGL,137.4395,136.1486,139.9955358694023,138.21035560206803,137.4395,145.32447932781048,129.55452067218954,1.7851802673342547,0.46793687922706817,1.3172433881071866,68.05537016183322,94.96004917025186,94.0382608484722,253.2428851766623,3.1007142857142833,0.2786064507644202,,,0,0,0,1,0
2025-09-10,GOOGL,137.799,136.2722,140.90237650487884,138.779218150063,137.799,146.49499655013722,129.1030034498628,2.1231583548158426,0.7989811743448232,1.3241771804710194,63.30092439864666,82.66748617086651,90.7275494076415,164.6092322168531,2.8864285714285693,0.2786468045712267,,,0,0,0,0,0
2025-09-11,GOOGL,138.381,136.535,141.886626273359,139.41038717598428,138.381,147.94155416803846,128.82044583196154,2.47623909737473,1.1344327589508048,1.3418063384239254,65.14943166551922,91.33374308543334,89.65375947551723,171.91951266200488,3.007142857142855,0.27787237356961497,,,0,0,0,0,0
2025-09-12,GOOGL,138.983,136.8342,142.56252992361146,139.91924738517062,138.983,148.93306753745907,129.03293246254094,2.643282538440843,1.4362027148488123,1.2070798235920308,62.689480691696374,85.06453595574675,86.35525507068219,135.23865423542549,2.9971428571428556,0.27281960958272,,,0,0,0,0,0
2025-09-15,GOOGL,139.62349999999998,137.24560000000002,143.7236791661328,140.67411794923206,139.62349999999998,150.64885310092131,128.59814689907864,3.0495612169007416,1.7588744152591982,1.2906868016415434,67.63167021945243,93.09799789251858,89.83209231123288,167.6270839664937,3.161428571428569,0.27823414042270517,,,0,0,0,0,0
2025-09-16,GOOGL,140.197,137.52179999999998,144.0754208328816,141.06936847151118,140.197,151.29798572199763,129.09601427800237,3.006052361370422,2.008310004481443,0.9977423568889789,58.67205841239519,71.49631190727081,83.21961525184537,87.69496408368055,3.355714285714285,0.2787277202389725,,,0,0,0,0,0
2025-09-17,GOOGL,140.671,137.753,143.90997147397673,141.2123782143622,140.671,151.3942493209845,129.94775067901548,2.6975932596145356,2.1461666555080616,0.5514266041064739,53.109453263926945,55.63751317175979,73.41060765718305,37.7280888796349,3.31642857142857,0.2850701706566327,,,0,0,0,0,0
2025-09-18,GOOGL,141.0695,137.993,144.34074509336492,141.61960945774277,141.0695,152.0649999431583,130.0740000568417,2.721135635622147,2.2611604515308787,0.4599751840912685,58.35082978698745,72.5043782837129,66.54606778758117,80.71821108731933,3.3699999999999983,0.2940832593292511,,,0,0,0,0,0
2025-09-19,GOOGL,141.6385,138.3356,145.18986123284725,142.23000875716923,141.6385,153.2022126823522,130.07478731764778,2.9598524756780193,2.400898856360307,0.5589536193177125,62.21293862998262,90.89316987740821,73.0116871109603,113.87520679534168,3.4457142857142844,0.29926703128910914,,,0,0,0,0,0
2025-09-22,GOOGL,142.3,138.6942,145.9775748893323,142.82852662700856,142.3,154.25207597030712,130.3479240296929,3.1490482623237313,2.550528737552992,0.5985195247707393,62.7444297518404,90.65066329753638,84.68273715288582,103.98933788475004,3.4785714285714278,0.2965044404473284,,,0,0,0,0,0
2025-09-23,GOOGL,143.0265,139.02779999999998,146.564101829435,143.34419132130424,143.0265,154.94491478553215,131.10808521446785,3.2199105081307664,2.6844050916685473,0.535505416462219,61.665066536866284,86.28257887517145,89.27547068337202,81.35426538075724,3.459285714285715,0.296310907268774,,,0,0,0,0,0
2025-09-24,GOOGL,143.731,139.34599999999998,146.80962462490655,143.70091789009652,143.731,155.10158116368686,132.36041883631313,3.1087067348100277,2.7692654202968434,0.33944131451318427,58.280635571612315,66.16961789375584,81.03428668882123,51.922297557688644,3.471428571428573,0.2977285099520282,,,0,0,0,0,0
2025-09-25,GOOGL,144.78500000000003,139.8658,148.38045160569015,144.6875165649042,144.78500000000003,156.95159442900888,132.61840557099117,3.6929350407859545,2.9539993443946657,0.7389356963912888,68.42492527353511,92.59974259974274,81.68397978955669,133.68092391703436,3.84857142857143,0.33242886244141323,,,0,0,0,1,0
2025-09-26,GOOGL,146.0555,140.299,149.85268982019937,145.66992274528167,146.0555,158.14867075873764,133.96232924126235,4.182767074917706,3.199752890499274,0.9830141844184319,69.2695935324167,98.5842985842986,85.7845530259324,116.25059719081437,3.584285714285715,0.3290442724970742,,,0,0,0,0,0
2025-09-29,GOOGL,147.1035,140.7304,150.858429847861,146.46400254192747,147.1035,158.9623233396061,135.2446766603939,4.394427305933533,3.438687773586126,0.9557395323474069,66.07647537354485,88.54568854568853,93.24324324324328,88.26170478197143,3.653571428571429,0.3277801217673274,,,0,0,0,0,0
2025-09-30,GOOGL,148.0525,141.15419999999997,151.38174833280547,147.04148383511804,148.0525,158.97556527491184,137.12943472508817,4.3402644976874285,3.619003118406387,0.7212613792810414,61.88201147523689,74.83912483912485,87.32303732303733,57.41408859840233,3.6014285714285705,0.3242513467727181,,,0,0,0,0,0
2025-10-01,GOOGL,148.85399999999998,141.554,151.6337870508354,147.48433688436856,148.85399999999998,158.71316710478035,138.99483289521962,4.149450166466835,3.725092528018477,0.42435763844835783,59.51351911421206,66.85971685971698,76.74817674817679,37.10576539509975,3.5592857142857133,0.32427772224080853,,,0,0,0,0,0
2025-10-02,GOOGL,149.607,141.96460000000002,151.8916659660915,147.91586748552646,149.607,158.34870258016036,140.86529741983964,3.9757984805650324,3.7752337185277884,0.20056476203724394,59.90007485232594,68.7258687258688,70.1415701415702,33.4145045867725,3.4785714285714278,0.3076317040953802,,,0,0,0,0,0
2025-10-03,GOOGL,150.23000000000002,142.3964,152.3175635097697,148.41543285696895,150.23000000000002,158.53654440787398,141.92345559212606,3.902130652800764,3.8006131053823835,0.1015175474183807,61.731801112247126,77.41312741312746,70.99957099957108,36.84709578315322,3.2085714285714277,0.30763765738319665,,,0,0,0,0,0
2025-10-06,GOOGL,150.59949999999998,142.7424,152.5871691236513,148.83428968237865,150.59949999999998,158.89896859744533,142.30003140255462,3.752879441272654,3.791066372560438,-0.03818693128778383,60.432556563412135,73.61647361647364,73.2518232518233,32.063859481370464,2.9892857142857117,0.30551371654359133,,,0,0,0,0,0
2025-10-07,GOOGL,150.95149999999998,143.0666,152.94760464308956,149.28582377998023,150.95149999999998,159.35792200939144,142.54507799060852,3.6617808631093283,3.7652092706702165,-0.10342840756088822,61.697976849663,73.70129870129884,74.91029991029998,38.73692092585596,2.9278571428571394,0.3009321027520528,,,0,0,0,0,0
2025-10-08,GOOGL,151.288,143.2976,152.89720392876808,149.532799796278,151.288,159.3903468205194,143.18565317948062,3.3644041324900797,3.6850482430341893,-0.3206441105441096,56.473534028972566,50.134770889488,65.81751440242017,11.4214838267455,2.8585714285714254,0.3039626999818955,,,0,0,0,0,0
2025-10-09,GOOGL,151.463,143.518,152.57455717049606,149.6266664780352,151.463,159.3618811865973,143.5641188134027,2.9478906924608737,3.5376167329195267,-0.5897260404586531,52.6880186433545,33.78256963162642,52.539546407471086,-4.18619032894888,2.682857142857139,0.30635557396295504,,,0,0,0,0,0
2025-10-10,GOOGL,151.6635,143.77880000000002,152.22308683657357,149.67580229447705,151.6635,159.2222043201848,144.1047956798152,2.54728454209652,3.3395502947549254,-0.7922657526584054,51.64335148964951,29.200359389038645,37.70589997005103,-13.917082554006367,2.692857142857138,0.2950639965991012,,,0,0,0,0,0
2025-10-13,GOOGL,151.8725,144.1516,152.54107347710072,150.01759471710838,151.8725,159.47883387381728,144.26616612618272,2.5234787599923436,3.176335987802409,-0.6528572278100655,58.58001336988291,65.13926325247083,42.70739742437863,27.87196978763621,2.8621428571428527,0.29825093183403845,,,0,0,0,0,0
2025-10-14,GOOGL,152.17749999999998,144.3946,152.4747544806237,150.1725877010263,152.17749999999998,159.29239388536328,145.06260611463668,2.3021667795973997,3.0015021461614078,-0.6993353665640081,54.030987339726245,30.344827586207106,41.56148340923885,-2.9519002015112976,2.9221428571428527,0.30274077552773637,,,0,0,0,0,0
2025-10-15,GOOGL,152.57049999999998,144.63099999999997,152.2263307143739,150.22350713057992,152.57049999999998,158.35891765942813,146.78208234057183,2.002823583793969,2.80176643368792,-0.798942849893951,51.55864474405019,16.238317757009515,37.24080286522914,-19.922205828379788,2.3442857142857116,0.30360295065902776,,,0,0,0,0,0
2025-10-16,GOOGL,152.848,144.891,152.2315106044702,150.37435845424068,152.848,157.98102483921318,147.71497516078685,1.857152150229524,2.612843576996241,-0.7556914267667167,54.09233575327881,34.65838509316755,27.080510145461385,-10.006142029970567,2.4685714285714266,0.3035928007953542,,,0,0,0,0,0
2025-10-17,GOOGL,152.9,145.1276,152.0266628191671,150.41329486503767,152.9,157.9309482207611,147.8690517792389,1.6133679541294157,2.412948452422876,-0.7995804982934605,51.286048276344765,21.765601217656137,24.220768022611065,-34.78489397151944,2.4378571428571405,0.29585970951436136,,,0,0,0,0,0
2025-10-20,GOOGL,152.793,145.34040000000002,151.43333007775678,150.24712487503487,152.793,158.12194023235196,147.46405976764805,1.1862052027219079,2.1675998024826826,-0.9813945997607747,46.11426694131963,13.421342134213404,23.281776148345696,-75.31675519329649,2.5128571428571433,0.2879617897025958,,,0,0,0,0,0
2025-10-21,GOOGL,152.6445,145.5388,150.7235869888711,149.99326377318044,152.6445,158.44459818882228,146.8444018111777,0.7303232156906461,1.8801444851242752,-1.1498212694336292,43.764017770400805,13.100848256361813,16.095930536077113,-98.69622252563363,2.5835714285714277,0.28833136062880704,,,0,0,0,0,1
2025-10-22,GOOGL,152.55349999999999,145.6916,150.04918899058322,149.72265164183375,152.55349999999999,158.68009864851447,146.4269013514855,0.3265373487494685,1.569423057849314,-1.2428857090998455,42.926306660923366,9.514925373134425,12.012371921236543,-96.0833893710534,2.6592857142857134,0.28579730030995437,,,0,0,0,0,1
2025-10-23,GOOGL,152.089,145.933,149.69239068433964,149.57504781651272,152.089,158.19927626216523,145.97872373783477,0.11734286782692038,1.2790070198448353,-1.161664152017915,46.14137771479719,22.48134328358206,15.032372304359427,-76.86367067847945,2.760714285714286,0.2857512160624357,,,0,0,0,0,0
2025-10-24,GOOGL,151.667,146.2384,149.6643305790566,149.57022945973398,151.667,157.24222412105382,146.09177587894618,0.09410111932263021,1.0420258397403943,-0.9479247204177641,50.023841004677585,39.085820895522374,23.69402985074628,-41.20921850119124,2.8592857142857144,0.2868358507412397,,,0,0,0,0,0
2025-10-27,GOOGL,151.4835,146.5468,150.13443356689405,149.80354579604997,151.4835,156.6515606614068,146.3154393385932,0.33088777084407184,0.8997982259611298,-0.568910455117058,56.161187131125644,82.40534521158119,47.99083646356187,26.424784857557572,2.9764285714285728,0.28324504447645504,,,0,0,0,0,0
2025-10-28,GOOGL,151.292,146.8646,150.17990532583343,149.8499498111574,151.292,156.31617595233095,146.26782404766905,0.329955514676044,0.7858296837041127,-0.45587416902806865,51.31931081951618,56.90423162583522,59.465132577646266,-9.123776126119305,2.9171428571428573,0.2745935112409767,,,0,0,0,0,0
2025-10-29,GOOGL,151.363,147.28300000000002,150.83530450647444,150.18995352884943,151.363,156.52119386994912,146.20480613005088,0.6453509776250144,0.7577339424882931,-0.1123829648632787,58.12707204828351,97.54010695187176,78.94989459642939,66.51281216450674,3.074285714285714,0.2759671650339169,,,0,0,0,0,0
2025-10-30,GOOGL,151.3175,147.5562,151.07602689009377,150.35366067486058,151.3175,156.42196814075479,146.2130318592452,0.722366215233194,0.7506603970372733,-0.028294181804079277,53.99054572273448,75.72192513369002,76.722087903799,30.09785836130629,3.0807142857142855,0.2703300141284082,,,0,0,0,0,0
2025-10-31,GOOGL,151.0645,147.7786,150.84894583007934,150.29783395820425,151.0645,155.9792796491787,146.14972035082133,0.5511118718750936,0.7107506920048373,-0.15963882012974373,48.85187136081118,45.77540106951876,73.01247771836019,-32.75211306835029,3.0335714285714266,0.26922183280534123,,,0,0,0,0,0
2025-11-03,GOOGL,150.6915,147.9692,150.19680031775945,150.02466107241136,150.6915,155.76697544570766,145.61602455429232,0.17213924534809166,0.6030284026734882,-0.43088915732539657,44.03235824951804,13.796791443850495,45.09803921568642,-104.34840214734716,3.0599999999999983,0.2754137574247886,,,0,0,0,0,0
2025-11-04,GOOGL,150.2565,148.1886,149.58652334579645,149.74357506704754,150.2565,155.2955049612976,145.21749503870237,-0.15705172125109357,0.4510123778885719,-0.6080640991396655,43.445725763263155,12.448132780082886,24.006775097817382,-106.1520304526338,3.1507142857142827,0.2753335831786212,0.2801987597520408,,0,0,0,0,0
2025-11-05,GOOGL,150.007,148.4598,149.28551975413546,149.58701395096995,150.007,155.04734165508475,144.96665834491526,-0.30149419683448286,0.30051106294396096,-0.6020052597784438,46.285071562119214,26.970954356846452,17.738626193593277,-61.393223503759906,3.114999999999997,0.27494009084990945,0.28051980426363543,,0,0,0,0,0
2025-11-06,GOOGL,149.72899999999998,148.6458,148.6631320996531,149.26501291756477,149.72899999999998,155.1617705639004,144.29622943609957,-0.6018808179116775,0.1200326867728333,-0.7219135046845108,42.37390846160954,10.104861773117294,16.507982970015544,-119.54789130152606,3.1778571428571394,0.21204849696406328,0.2734666071627083,,0,0,0,0,0
2025-11-07,GOOGL,149.673,148.9784,148.74111177662954,149.2579749236711,149.673,155.10457472561896,144.24142527438104,-0.5168631470415619,-0.007346479990045729,-0.5095166670515161,49.87461300711615,47.569113441372636,28.21497652377879,-12.351591081659656,3.2435714285714243,0.2273801796767346,0.2742849966587616,,0,0,0,0,0
2025-11-10,GOOGL,149.318,149.2136,148.5024791956096,149.10479159599177,149.318,154.41384379666246,144.22215620333756,-0.6023124003821749,-0.12633966406847158,-0.47597273631370335,46.58470632557486,28.69399428026689,28.78932316491894,-52.96577860408466,3.240714285714282,0.2285336398978836,0.2741556581094657,,0,0,0,0,0
2025-11-11,GOOGL,148.848,149.3622,147.6113285501312,148.63110332962202,148.848,154.5276218183946,143.16837818160542,-1.019774779490831,-0.30502668715294345,-0.7147480923378875,40.13391396579528,10.210210210210318,28.824439310616615,-148.4926228574622,3.510714285714282,0.24080288490199067,0.27743339786303434,,0,0,0,0,1
2025-11-12,GOOGL,148.6905,149.57659999999998,147.62650877318794,148.56287345335372,148.6905,154.3126222861108,143.06837771388916,-0.9363646801657808,-0.431294285755511,-0.5050703944102698,48.676049401516316,47.74774774774787,28.88398407940836,-22.645337601482947,3.719999999999995,0.26362112269101556,0.2829848158276564,,0,0,0,0,0
2025-11-13,GOOGL,148.5225,149.78959999999998,147.8224305003898,148.58784579014232,148.5225,153.90356634413516,143.14143365586486,-0.765415289752525,-0.49811848655491386,-0.2672968031976112,50.486838557387166,56.681681681681795,38.21321321321333,3.5389252284082673,3.6407142857142816,0.2648670208460361,0.2804527709431801,,0,0,0,0,0
2025-11-14,GOOGL,148.294,149.87220000000002,147.59282580802213,148.42059795383548,148.294,153.63983351779538,142.94816648220464,-0.8277721458133556,-0.5640492184066023,-0.2637229274067533,46.65818155701442,37.38738738738754,47.2722722722724,-37.63444070873563,3.537142857142854,0.26743693045778816,0.28100637875810186,,0,0,0,0,0
2025-11-17,GOOGL,148.2185,149.8718,147.4493141452495,148.2901832905884,148.2185,153.61164852382026,142.82535147617975,-0.8408691453388997,-0.6194132037930618,-0.22145594154583792,47.211749652538614,39.864864864864906,44.64464464464475,-37.101633106073464,3.4578571428571405,0.2676360297598049,0.2809331525167558,,0,0,0,0,0
2025-11-18,GOOGL,148.35,149.90300000000002,147.75711196905726,148.37609563943371,148.35,153.72857230126957,142.97142769873042,-0.6189836703764513,-0.6193272971097397,0.00034362673328836024,51.769014971905456,72.84172661870495,50.031326290319136,21.47148950803553,3.3778571428571422,0.273440178997372,0.2823805983447935,,1,0,0,0,0
2025-11-19,GOOGL,148.768,150.07920000000001,148.8252485892023,148.84453299947566,148.768,154.72506504916507,142.81093495083493,-0.019284410273371577,-0.49931871974246606,0.4800343094690945,58.950506214211835,96.94989106753802,69.88549418370262,168.08248768324341,3.6171428571428583,0.2894854459748075,0.28764215905119617,,0,0,0,0,0
2025-11-20,GOOGL,149.267,150.2874,150.19213342163272,149.50123425877376,149.267,156.356922707617,142.177077292383,0.6908991628589547,-0.2612751432221819,0.9521743060811366,62.40664712155687,92.69121813031167,87.49427860551822,226.61829970182345,3.6850000000000023,0.29184977605029067,0.288477635382121,,0,0,0,1,0
2025-11-21,GOOGL,149.9735,150.6346,152.26103597215075,150.54855023960533,149.9735,159.43792026750623,140.50907973249377,1.7124857325454172,0.13347703193133792,1.5790087006140794,68.10421837296342,99.1548042704625,96.26530448943738,286.2753445798518,3.839285714285716,0.30951469749328864,0.2875116340672841,,0,0,0,1,0
2025-11-24,GOOGL,150.7195,150.9852,154.6270304379737,151.81458355519013,150.7195,162.89577114514051,138.5432288548595,2.8124468827835756,0.6692710021017855,2.14317588068179,71.26752783002637,96.65441176470578,96.16681138849333,288.7873830617465,3.962142857142861,0.3077255011126475,0.2890278180529329,,0,0,1,1,0
2025-11-25,GOOGL,151.58149999999998,151.4184,156.6336411398239,152.98905884739824,151.58149999999998,165.82005789748314,137.34294210251682,3.6445822924256674,1.2643332601665618,2.3802490322591057,71.29052527687443,95.46608632571635,97.09176745362822,229.42085742696483,3.910714285714288,0.3035465021151719,0.28788478860101074,,0,0,1,1,0
2025-11-26,GOOGL,152.46099999999998,151.999,159.00231173369716,154.39949893277614,152.46099999999998,169.24302836369844,135.67897163630153,4.602812800921015,1.9320291683174524,2.6707836326035626,74.48665206214292,93.56511131442518,95.22853646828243,236.22798503947243,4.126428571428574,0.3084443615688998,0.2904844228250183,,0,0,1,1,0
2025-11-27,GOOGL,153.68200000000002,152.6012,161.7434945438976,156.0602767896075,153.68200000000002,173.54011028270259,133.82388971729745,5.683217754290098,2.682266885511982,3.000950868778116,77.45601417174929,96.02057390362751,95.01725718125635,232.20400937658687,4.225714285714288,0.31559970826172734,0.29332207196559507,,0,0,1,1,0
2025-11-28,GOOGL,155.46349999999998,153.30859999999998,165.35680307560568,158.22099702741437,155.46349999999998,179.49207238788802,131.43492761211195,7.135806048191313,3.572974718047848,3.5628313301434646,81.52223005236564,97.0152553614857,95.53364685984614,243.65806586520492,4.730000000000004,0.3352010676958102,0.3023807845789013,,0,0,1,1,0
2025-12-01,GOOGL,157.303,153.9704,168.1326795255125,160.086108358717,157.303,183.8407083411506,130.7652916588494,8.046571166795474,4.467694007797373,3.5788771589981003,78.21627725533462,92.14426877470353,95.06003267993891,188.0428403225436,4.518571428571432,0.33050553496395046,0.3005285170888802,,0,0,1,0,0
2025-12-02,GOOGL,158.629,154.42960000000002,168.84303652158746,161.02417440621946,158.629,185.46957667040652,131.78842332959346,7.818862115368006,5.1379276293115,2.680934486056506,62.36556856537458,65.83498023715413,84.99816812444779,97.51701494579166,4.94571428571429,0.3788345791064751,0.317159033048341,,0,0,0,0,0
2025-12-03,GOOGL,160.0385,154.9828,169.91641551826632,162.12016148724024,160.0385,187.37675691224607,132.70024308775393,7.796254031026081,5.669592909654416,2.126661121371664,64.59304719421743,73.41897233201578,77.13274044795781,100.86743908554631,5.128571428571432,0.37945414504004515,0.31730426513073645,,0,0,0,0,0
2025-12-04,GOOGL,161.38799999999998,155.28699999999998,170.2723515923792,162.86903841411134,161.38799999999998,188.3328159021354,134.44318409786456,7.403313178267865,6.016336963377106,1.3869762148907592,60.11247429679374,64.55039525691696,67.93478260869561,67.81020387043353,5.285714285714287,0.3871737095678922,0.3190541560063488,,0,0,0,0,0
2025-12-05,GOOGL,162.4445,155.534,170.27660519355163,163.41948001306608,162.4445,189.0450108785521,135.84398912144792,6.8571251804855535,6.184494606798796,0.6726305736867575,57.791556751100615,57.75817332641413,65.24251363844895,46.18772310695307,5.466428571428572,0.3895476821268383,0.3179866910599356,,0,0,0,0,0
2025-12-08,GOOGL,163.571,155.8006,170.19097362531292,163.8861851972834,163.571,189.38878061724066,137.75321938275934,6.304788428029525,6.208553371044942,0.09623505698458334,57.078339554581405,47.94689719049087,56.75182192460732,35.60954607295456,5.3807142857142845,0.38683276928547705,0.31720691970411646,,0,0,0,0,0
2025-12-09,GOOGL,165.39249999999998,156.2982,171.56774691372632,165.01609740489204,165.39249999999998,190.18622571841442,140.59877428158555,6.551649508834288,6.277172598602812,0.2744769102314759,64.69841412131365,74.64212678936596,60.11573243542366,78.82847810444379,5.767857142857141,0.4101901245839738,0.32560941068558014,,0,0,0,0,0
2025-12-10,GOOGL,167.099,156.8746,173.14809354238383,166.26231241193707,167.099,191.4844496780347,142.71355032196527,6.885781130446759,6.398894304971602,0.4868868254751568,66.5324353664247,80.09239815203692,67.56047404396459,77.61632292771486,5.665714285714283,0.40677292476389065,0.325847979375702,,0,0,0,0,0
2025-12-11,GOOGL,169.05349999999999,157.5682,175.43146376663248,167.87177075179358,169.05349999999999,193.5568861129429,144.55011388705708,7.559693014838899,6.631054046945062,0.9286389678938374,70.31543941249582,94.513826940232,83.08278396054494,94.90366506588047,5.755714285714283,0.41069320253319935,0.3298368313798516,,0,0,1,0,0
2025-12-12,GOOGL,171.4545,158.362,178.34200780253516,169.83312106647554,171.4545,195.9915703018914,146.9174296981086,8.508886736059623,7.006620584767974,1.5022661512916482,73.63450142382898,95.19695922598474,89.93439477275122,106.00358709459866,5.958571428571424,0.4099014343571493,0.3334219838474079,,0,0,1,0,0
2025-12-15,GOOGL,173.80599999999998,159.1544,180.7032373713759,171.60029728377367,173.80599999999998,197.38310024578846,150.2288997542115,9.102940087602235,7.425884485334827,1.6770556022674077,72.72575134403576,92.51278305332355,94.07452307318009,87.00579290896665,5.9342857142857115,0.4021282627597326,0.33269506629420686,,0,0,1,0,0
